{"cameraMode":{"drawMode":0,"name":"Shaded","section":"Shading Mode"},"sceneLighting":true,"audioPlay":false,"sceneViewState":{"m_AlwaysRefresh":false,"showFog":true,"showSkybox":false,"showFlares":true,"showImageEffects":true,"showParticleSystems":true,"showVisualEffectGraphs":true,"m_FxEnabled":true},"in2DMode":false,"pivot":{"x":18.728281021118165,"y":15.738992691040039,"z":-14.412274360656739},"rotation":{"x":0.14828026294708253,"y":-0.08628464490175247,"z":0.01303930301219225,"w":0.9851379990577698},"size":42.42301940917969,"orthographic":true}